row_id,result
0,2
1,2
2,2
3,2
4,2
5,2
6,1
7,2
8,1
9,2
10,2
11,1
12,1
13,1
14,1
15,2
16,2
17,2
18,1
19,2
20,1
21,2
22,2
23,2
24,1
25,2
26,2
27,1
28,2
29,2
30,2
31,1
32,2
33,2
34,1
35,1
36,2
37,2
38,2
39,2
40,1
41,2
42,2
43,1
44,2
45,1
46,2
47,2
48,2
49,1
50,2
51,1
52,2
53,1
54,2
55,1
56,2
57,1
58,1
59,2
60,2
61,1
62,2
63,2
64,2
65,2
66,2
67,1
68,2
69,2
70,1
71,1
72,1
73,2
74,2
75,1
76,1
77,1
78,1
79,1
80,2
81,2
82,1
83,1
84,1
85,2
86,1
87,1
88,2
89,2
90,2
91,2
92,2
93,2
94,2
95,2
96,2
97,2
98,2
99,1
100,2
101,2
102,1
103,2
104,1
105,1
106,2
107,2
108,2
109,2
110,1
111,1
112,1
113,1
114,2
115,2
116,1
117,2
118,1
119,2
120,2
121,1
122,2
123,2
124,2
125,1
126,1
127,2
128,2
129,1
130,2
131,2
132,2
133,2
134,2
135,1
136,1
137,1
138,1
139,1
140,2
141,1
142,2
143,1
144,1
145,2
146,1
147,2
148,1
149,2
150,2
151,1
152,1
153,2
154,2
155,2
156,1
157,2
158,2
159,1
160,2
161,2
162,2
163,1
164,2
165,1
166,1
167,2
168,2
169,2
170,2
171,2
172,2
173,2
174,1
175,1
176,2
177,2
178,1
179,1
180,1
181,2
182,1
183,2
184,2
185,1
186,2
187,1
188,1
189,2
190,2
191,2
192,1
193,1
194,1
195,2
196,2
197,1
198,2
199,2
200,1
201,2
202,2
203,1
204,1
205,2
206,1
207,2
208,2
209,2
210,2
211,1
212,2
213,1
214,1
215,2
216,1
217,2
218,2
219,2
220,1
221,2
222,2
223,1
224,2
225,2
226,1
227,1
228,2
229,2
230,2
231,1
232,1
233,2
234,2
235,1
236,2
237,2
238,2
239,2
240,2
241,1
242,1
243,2
244,2
245,2
246,2
247,2
248,1
249,1
250,1
251,2
252,1
253,2
254,1
255,2
256,2
257,2
258,1
259,2
260,2
261,1
262,2
263,2
264,2
265,2
266,1
267,1
268,2
269,1
270,2
271,2
272,2
273,2
274,1
275,2
276,2
277,2
278,2
279,2
280,1
281,1
282,1
283,1
284,1
285,2
286,2
287,1
288,2
289,2
290,2
291,2
292,2
293,2
294,1
295,2
296,2
297,2
298,2
299,2
300,1
301,1
302,2
303,2
304,1
305,2
306,2
307,2
308,1
309,1
310,2
311,2
312,1
313,1
314,2
315,1
316,2
317,2
318,1
319,2
320,2
321,1
322,1
323,2
324,1
325,2
326,1
327,1
328,1
329,1
330,2
331,1
332,2
333,1
334,2
335,2
336,2
337,1
338,1
339,2
340,1
341,2
342,2
343,1
344,2
345,2
346,1
347,2
348,2
349,2
350,2
351,1
352,1
353,1
354,1
355,2
356,2
357,2
358,1
359,2
360,1
361,1
362,1
363,2
364,1
365,2
366,2
367,1
368,1
369,1
370,2
371,2
372,2
373,2
374,1
375,1
376,2
377,2
378,2
379,1
380,1
381,1
382,2
383,1
384,2
385,2
386,1
387,1
388,2
389,1
390,1
391,1
392,1
393,2
394,2
395,2
396,1
397,2
398,1
399,1
400,1
401,2
402,2
403,2
404,2
405,1
406,2
407,2
408,1
409,1
410,2
411,1
412,2
413,1
414,2
415,1
416,1
417,1
418,1
419,1
420,2
421,2
422,1
423,1
424,2
425,2
426,2
427,2
428,2
429,2
430,2
431,2
432,2
433,2
434,1
435,2
436,2
437,2
438,2
439,2
440,2
441,1
442,1
443,2
444,2
445,2
446,2
447,2
448,1
449,2
450,1
451,2
452,2
453,2
454,1
455,1
456,2
457,2
458,2
459,2
460,2
461,1
462,2
463,1
464,1
465,2
466,2
467,2
468,2
469,1
470,1
471,1
472,1
473,2
474,1
475,2
476,1
477,1
478,2
479,2
480,2
481,2
482,2
483,2
484,2
485,2
486,2
487,2
488,1
489,1
490,2
491,1
492,1
493,1
494,1
495,1
496,2
497,1
498,2
499,2
500,1
501,2
502,1
503,2
504,1
505,1
506,1
507,2
508,1
509,2
510,1
511,1
512,2
513,1
514,2
515,1
516,2
517,1
518,1
519,2
520,1
521,1
522,1
523,1
524,2
525,1
526,1
527,1
528,1
529,1
530,2
531,1
532,1
533,2
534,2
535,2
536,1
537,2
538,2
539,1
540,2
541,1
542,1
543,2
544,2
545,2
546,1
547,1
548,2
549,1
550,1
551,1
552,1
553,2
554,2
555,2
556,1
557,1
558,1
559,1
560,2
561,2
562,2
563,2
564,2
565,1
566,2
567,2
568,1
569,2
570,2
571,1
572,2
573,2
574,1
575,2
576,2
577,1
578,2
579,1
580,1
581,1
582,2
583,2
584,2
585,1
586,1
587,1
588,1
589,2
590,2
591,1
592,2
593,2
594,1
595,1
596,1
597,1
598,1
599,1
600,2
601,1
602,2
603,2
604,2
605,1
606,2
607,1
608,2
609,2
610,1
611,2
612,2
613,2
614,2
615,2
616,2
617,2
618,2
619,2
620,1
621,1
622,2
623,1
624,1
625,1
626,1
627,2
628,1
629,1
630,1
631,1
632,1
633,2
634,1
635,2
636,1
637,1
638,2
639,1
640,2
641,2
642,1
643,1
644,2
645,1
646,2
647,2
648,1
649,2
650,1
651,2
652,2
653,2
654,1
655,2
656,1
657,1
658,2
659,2
660,2
661,2
662,2
663,2
664,1
665,1
666,1
667,2
668,1
669,2
670,2
671,1
672,1
673,2
674,1
675,2
676,2
677,2
678,2
679,1
680,1
681,2
682,2
683,1
684,2
685,2
686,2
687,2
688,2
689,2
690,1
691,2
692,1
693,1
694,1
695,1
696,2
697,1
698,2
699,2
700,1
701,2
702,2
703,1
704,2
705,2
706,1
707,2
708,1
709,2
710,1
711,2
712,2
713,2
714,2
715,1
716,1
717,1
718,2
719,2
720,1
721,2
722,1
723,2
724,1
725,2
726,2
727,2
728,2
729,1
730,1
731,2
732,1
733,2
734,2
735,2
736,2
737,1
738,2
739,2
740,1
741,2
742,2
743,2
744,1
745,2
746,1
747,2
748,2
749,1
750,2
751,1
752,2
753,1
754,1
755,2
756,1
757,2
758,1
759,1
760,2
761,2
762,2
763,1
764,1
765,2
766,2
767,2
768,1
769,2
770,1
771,2
772,2
773,1
774,1
775,1
776,2
777,2
778,2
779,2
780,1
781,2
782,1
783,1
784,2
785,2
786,2
787,1
788,1
789,1
790,2
791,2
792,1
793,1
794,1
795,2
796,2
797,2
798,1
799,1
800,1
801,1
802,1
803,2
804,2
805,2
806,1
807,1
808,2
809,2
810,2
811,1
812,1
813,1
814,1
815,1
816,2
817,2
818,2
819,2
820,1
821,1
822,2
823,2
824,1
825,1
826,1
827,1
828,2
829,2
830,1
831,2
832,1
833,1
834,2
835,1
836,2
837,2
838,1
839,1
840,2
841,2
842,1
843,2
844,1
845,2
846,1
847,2
848,1
849,2
850,1
851,2
852,1
853,1
854,2
855,2
856,1
857,1
858,2
859,2
860,2
861,2
862,1
863,2
864,1
865,1
866,2
867,2
868,2
869,2
870,2
871,1
872,2
873,2
874,2
875,2
876,1
877,1
878,2
879,1
880,2
881,2
882,2
883,2
884,2
885,1
886,2
887,2
888,1
889,1
890,2
891,2
892,2
893,1
894,2
895,2
896,2
897,2
898,2
899,2
900,2
901,1
902,1
903,2
904,2
905,1
906,2
907,1
908,2
909,2
910,2
911,2
912,2
913,1
914,2
915,2
916,1
917,1
918,2
919,2
920,1
921,1
922,2
923,2
924,1
925,2
926,1
927,2
928,2
929,1
930,1
931,2
932,2
933,2
934,2
935,1
936,2
937,2
938,2
939,2
940,1
941,2
942,2
943,2
944,2
945,2
946,2
947,1
948,1
949,2
950,1
951,2
952,2
953,1
954,1
955,1
956,1
957,2
958,1
959,1
960,1
961,2
962,2
963,1
964,1
965,2
966,1
967,2
968,2
969,2
970,2
971,2
972,2
973,2
974,2
975,2
976,1
977,2
978,2
979,2
980,2
981,1
982,1
983,2
984,2
985,2
986,1
987,2
988,2
989,1
990,2
991,1
992,1
993,2
994,2
995,1
996,2
997,2
998,1
999,1
1000,1
1001,1
1002,1
1003,1
1004,1
1005,1
1006,1
1007,1
1008,2
1009,1
1010,1
1011,1
1012,2
1013,1
1014,2
1015,1
1016,2
1017,1
1018,2
1019,2
1020,2
1021,2
1022,2
1023,2
1024,1
1025,1
1026,2
1027,2
1028,1
1029,1
1030,1
1031,2
1032,2
1033,2
1034,1
1035,1
1036,1
1037,2
1038,2
1039,1
1040,2
1041,2
1042,2
1043,1
1044,1
1045,2
1046,1
1047,2
1048,1
1049,1
1050,1
1051,1
1052,2
1053,2
1054,1
1055,1
1056,2
1057,2
1058,2
1059,1
1060,1
1061,2
1062,2
1063,2
1064,2
1065,2
1066,2
1067,1
1068,2
1069,2
1070,2
1071,1
1072,1
1073,2
1074,2
1075,2
1076,2
1077,2
1078,1
1079,2
1080,2
1081,1
1082,2
1083,2
1084,1
1085,1
1086,2
1087,1
1088,1
1089,2
1090,2
1091,2
1092,2
1093,2
1094,1
1095,2
1096,1
1097,2
1098,1
1099,1
1100,2
1101,2
1102,1
1103,2
1104,1
1105,1
1106,2
1107,1
1108,2
1109,2
1110,2
1111,1
1112,2
1113,2
1114,2
1115,2
1116,2
1117,2
1118,2
1119,2
1120,2
1121,1
1122,2
1123,2
1124,2
1125,1
1126,2
1127,2
1128,2
1129,1
1130,1
1131,1
1132,2
1133,2
1134,1
1135,2
1136,2
1137,1
1138,1
1139,1
1140,2
1141,2
1142,2
1143,1
1144,2
1145,1
1146,1
1147,2
1148,1
1149,2
1150,1
1151,1
1152,2
1153,1
1154,2
1155,1
1156,2
1157,2
1158,1
1159,1
1160,2
1161,2
1162,2
1163,1
1164,2
1165,2
1166,1
1167,1
1168,2
1169,1
1170,1
1171,2
1172,1
1173,2
1174,1
1175,1
1176,1
1177,2
1178,2
1179,2
1180,2
1181,2
1182,2
1183,1
1184,2
1185,2
1186,1
1187,2
1188,2
1189,2
1190,2
1191,2
1192,2
1193,2
1194,2
1195,2
1196,1
1197,2
1198,2
1199,2
1200,1
1201,2
1202,2
1203,1
1204,1
1205,2
1206,2
1207,2
1208,2
1209,1
1210,2
1211,1
1212,1
1213,2
1214,2
1215,1
1216,1
1217,2
1218,1
1219,1
1220,1
1221,1
1222,1
1223,2
1224,1
1225,2
1226,1
1227,1
1228,2
1229,2
1230,2
1231,1
1232,1
1233,2
1234,1
1235,2
1236,2
1237,1
1238,1
1239,2
1240,2
1241,1
1242,2
1243,1
1244,1
1245,1
1246,2
1247,1
1248,2
1249,1
1250,1
1251,1
1252,2
1253,1
1254,2
1255,1
1256,1
1257,1
1258,2
1259,1
1260,1
1261,2
1262,1
1263,2
1264,2
1265,2
1266,1
1267,2
1268,1
1269,2
1270,1
1271,1
1272,2
1273,2
1274,2
1275,2
1276,2
1277,2
1278,2
1279,2
1280,2
1281,2
1282,1
1283,1
1284,2
1285,2
1286,1
1287,1
1288,1
1289,1
1290,2
1291,2
1292,1
1293,1
1294,2
1295,1
1296,1
1297,1
1298,2
1299,1
1300,2
1301,2
1302,2
1303,2
1304,2
1305,1
1306,1
1307,2
1308,2
1309,1
1310,2
1311,1
1312,2
1313,2
1314,1
1315,2
1316,1
1317,1
1318,1
1319,1
1320,1
1321,2
1322,1
1323,2
1324,2
1325,1
1326,2
1327,1
1328,2
1329,2
1330,2
1331,2
1332,2
1333,1
1334,1
1335,1
1336,1
1337,2
1338,1
1339,2
1340,1
1341,1
1342,2
1343,2
1344,1
1345,2
1346,2
1347,2
1348,2
1349,2
1350,1
1351,1
1352,2
1353,1
1354,1
1355,1
1356,1
1357,2
1358,2
1359,1
1360,1
1361,2
1362,1
1363,2
1364,2
1365,1
1366,2
1367,1
1368,2
1369,2
1370,2
1371,2
1372,2
1373,1
1374,1
1375,2
1376,2
1377,2
1378,1
1379,1
1380,1
1381,2
1382,2
1383,2
1384,1
1385,1
1386,2
1387,1
1388,2
1389,2
1390,2
1391,2
1392,2
1393,1
1394,2
1395,2
1396,1
1397,2
1398,1
1399,1
1400,1
1401,1
1402,2
1403,2
1404,2
1405,2
1406,1
1407,1
1408,1
1409,2
1410,2
1411,2
1412,1
1413,2
1414,1
1415,1
1416,2
1417,2
1418,1
1419,1
1420,1
1421,2
1422,2
1423,2
1424,1
1425,2
1426,1
1427,1
1428,1
1429,1
1430,2
1431,1
1432,1
1433,2
1434,2
1435,1
1436,1
1437,1
1438,1
1439,1
1440,2
1441,1
1442,2
1443,1
1444,2
1445,2
1446,1
1447,2
1448,1
1449,1
1450,1
1451,1
1452,2
1453,2
1454,2
1455,1
1456,1
1457,2
1458,2
1459,2
1460,2
1461,2
1462,1
1463,2
1464,1
1465,1
1466,2
1467,2
1468,2
1469,1
1470,2
1471,1
1472,1
1473,1
1474,1
1475,1
1476,1
1477,2
1478,2
1479,1
1480,2
1481,2
1482,1
1483,1
1484,1
1485,1
1486,1
1487,1
1488,1
1489,2
1490,2
1491,1
1492,2
1493,1
1494,2
1495,2
1496,1
1497,1
1498,2
1499,2
1500,2
1501,2
1502,2
1503,1
1504,2
1505,2
1506,2
1507,2
1508,1
1509,2
1510,1
1511,2
1512,1
1513,1
1514,1
1515,1
1516,2
1517,2
1518,2
1519,2
1520,1
1521,1
1522,2
1523,2
1524,1
1525,1
1526,1
1527,2
1528,1
1529,1
1530,1
1531,2
1532,2
1533,2
1534,2
1535,2
1536,2
1537,2
1538,2
1539,2
1540,1
1541,2
1542,1
1543,1
1544,2
1545,1
1546,2
1547,1
1548,2
1549,2
1550,1
1551,2
1552,2
1553,2
1554,2
1555,1
1556,1
1557,2
1558,1
1559,1
1560,2
1561,2
1562,2
1563,1
1564,1
1565,2
1566,1
1567,2
1568,1
1569,2
1570,2
1571,2
1572,1
1573,1
1574,2
1575,2
1576,2
1577,1
1578,2
1579,1
1580,1
1581,2
1582,1
1583,2
1584,2
1585,1
1586,1
1587,2
1588,1
1589,2
1590,1
1591,2
1592,1
1593,1
1594,1
1595,1
1596,1
1597,1
1598,2
1599,1
1600,2
1601,2
1602,1
1603,1
1604,2
1605,2
1606,2
1607,1
1608,1
1609,2
1610,1
1611,1
1612,1
1613,1
1614,2
1615,1
1616,1
1617,1
1618,1
1619,2
1620,1
1621,2
1622,2
1623,1
1624,2
1625,2
1626,1
1627,2
1628,2
1629,2
1630,1
1631,2
1632,1
1633,2
1634,2
1635,2
1636,1
1637,1
1638,1
1639,2
1640,2
1641,2
1642,1
1643,1
1644,2
1645,2
1646,1
1647,1
1648,2
1649,1
1650,1
1651,1
1652,1
1653,2
1654,1
1655,2
1656,2
1657,2
1658,2
1659,2
1660,1
1661,1
1662,2
1663,2
1664,1
1665,1
1666,1
1667,2
1668,1
1669,1
1670,1
1671,2
1672,1
1673,1
1674,1
1675,2
1676,2
1677,2
1678,1
1679,1
1680,2
1681,1
1682,2
1683,2
1684,1
1685,1
1686,2
1687,1
1688,2
1689,2
1690,2
1691,1
1692,1
1693,2
1694,1
1695,2
1696,2
1697,1
1698,1
1699,1
1700,2
1701,2
1702,1
1703,2
1704,2
1705,2
1706,1
1707,2
1708,1
1709,2
1710,2
1711,2
1712,1
1713,1
1714,1
1715,2
1716,1
1717,1
1718,2
1719,2
1720,1
1721,1
1722,2
1723,1
1724,1
1725,2
1726,1
1727,1
1728,1
1729,1
1730,2
1731,1
1732,1
1733,1
1734,2
1735,2
1736,2
1737,1
1738,1
1739,2
1740,1
1741,1
1742,1
1743,1
1744,1
1745,1
1746,1
1747,2
1748,1
1749,1
1750,2
1751,1
1752,2
1753,1
1754,1
1755,1
1756,2
1757,1
1758,2
1759,2
1760,2
1761,2
1762,2
1763,2
1764,2
1765,1
1766,2
1767,1
1768,1
1769,2
1770,2
1771,1
1772,1
1773,1
1774,2
1775,2
1776,2
1777,2
1778,1
1779,1
1780,2
1781,1
1782,1
1783,2
1784,1
1785,1
1786,1
1787,2
1788,1
1789,1
1790,1
1791,1
1792,2
1793,2
1794,2
1795,2
1796,2
1797,2
1798,2
1799,2
1800,2
1801,2
1802,1
1803,2
1804,2
1805,1
1806,1
1807,2
1808,2
1809,1
1810,1
1811,2
1812,1
1813,1
1814,1
1815,2
1816,1
1817,2
1818,1
1819,1
1820,1
1821,2
1822,2
1823,1
1824,1
1825,2
1826,1
1827,2
1828,1
1829,1
1830,1
1831,2
1832,2
1833,1
1834,1
1835,1
1836,2
1837,2
1838,2
1839,1
1840,2
1841,1
1842,2
1843,1
1844,2
1845,2
1846,1
1847,1
1848,1
1849,2
1850,2
1851,1
1852,2
1853,2
1854,2
1855,2
1856,1
1857,2
1858,2
1859,1
1860,1
1861,2
1862,2
1863,1
1864,2
1865,1
1866,1
1867,2
1868,2
1869,2
1870,1
1871,2
1872,2
1873,1
1874,2
1875,2
1876,2
1877,2
1878,2
1879,2
1880,1
1881,1
1882,2
1883,1
1884,1
1885,1
1886,2
1887,2
1888,2
1889,1
1890,2
1891,1
1892,1
1893,1
1894,2
1895,2
1896,2
1897,1
1898,2
1899,2
1900,1
1901,2
1902,2
1903,1
1904,2
1905,1
1906,1
1907,2
1908,2
1909,2
1910,2
1911,2
1912,1
1913,1
1914,1
1915,2
1916,1
1917,1
1918,1
1919,2
1920,2
1921,1
1922,2
1923,1
1924,2
1925,1
1926,1
1927,2
1928,1
1929,1
1930,2
1931,2
1932,2
1933,1
1934,2
1935,2
1936,1
1937,2
1938,2
1939,1
1940,2
1941,1
1942,1
1943,1
1944,2
1945,1
1946,1
1947,2
1948,2
1949,2
1950,1
1951,1
1952,2
1953,1
1954,2
1955,2
1956,1
1957,1
1958,2
1959,1
1960,2
1961,2
1962,1
1963,1
1964,2
1965,1
1966,2
1967,2
1968,2
1969,2
1970,1
1971,2
1972,2
1973,2
1974,2
1975,1
1976,1
1977,2
1978,2
1979,2
1980,1
1981,2
1982,1
1983,2
1984,2
1985,2
1986,1
1987,2
1988,1
1989,2
1990,1
1991,1
1992,1
1993,2
1994,2
1995,2
1996,2
1997,2
1998,2
1999,1
2000,1
2001,1
2002,1
2003,2
2004,2
2005,2
2006,1
2007,1
2008,1
2009,2
2010,1
2011,1
2012,2
2013,1
2014,2
2015,1
2016,2
2017,2
2018,2
2019,1
2020,2
2021,2
2022,2
2023,1
2024,1
2025,2
2026,2
2027,1
2028,2
2029,2
2030,1
2031,1
2032,2
2033,2
2034,1
2035,2
2036,1
2037,2
2038,2
2039,2
2040,1
2041,1
2042,2
2043,1
2044,2
2045,1
2046,1
2047,2
2048,1
2049,1
2050,2
2051,2
2052,2
2053,1
2054,1
2055,1
2056,2
2057,2
2058,2
2059,2
2060,2
2061,1
2062,2
2063,2
2064,1
2065,2
2066,2
2067,2
2068,1
2069,2
2070,2
2071,1
2072,1
2073,2
2074,2
2075,2
2076,2
2077,1
2078,2
2079,1
2080,2
2081,2
2082,2
2083,2
2084,2
2085,1
2086,1
2087,1
2088,1
2089,2
2090,2
2091,2
2092,2
2093,1
2094,2
2095,2
2096,2
2097,1
2098,2
2099,1
2100,1
2101,2
2102,1
2103,1
2104,2
2105,1
2106,1
2107,1
2108,1
2109,2
2110,1
2111,2
2112,1
2113,1
2114,1
2115,2
2116,1
2117,2
2118,1
2119,1
2120,1
2121,2
2122,1
2123,1
2124,1
2125,1
2126,2
2127,2
2128,1
2129,2
2130,2
2131,2
2132,2
2133,1
2134,1
2135,2
2136,1
2137,2
2138,2
2139,1
2140,2
2141,2
2142,2
2143,1
2144,2
2145,2
2146,2
2147,1
2148,1
2149,2
2150,1
2151,2
2152,1
2153,2
2154,1
2155,2
2156,1
2157,2
2158,2
2159,2
2160,1
2161,1
2162,1
2163,1
2164,1
2165,2
2166,1
2167,2
2168,2
2169,2
2170,1
2171,1
2172,1
2173,1
2174,1
2175,2
2176,2
2177,2
2178,2
2179,2
2180,1
2181,2
2182,2
2183,2
2184,2
2185,2
2186,2
2187,1
2188,1
2189,2
2190,2
2191,1
2192,1
2193,2
2194,2
2195,2
2196,1
2197,1
2198,2
2199,2
2200,1
2201,1
2202,1
2203,1
2204,1
2205,2
2206,1
2207,1
2208,2
2209,2
2210,2
2211,2
2212,1
2213,2
2214,1
2215,1
2216,1
2217,1
2218,1
2219,2
2220,1
2221,2
2222,2
2223,2
2224,2
2225,1
2226,2
2227,2
2228,1
2229,2
2230,2
2231,1
2232,2
2233,1
2234,1
2235,1
2236,1
2237,1
2238,2
2239,2
2240,1
2241,2
2242,1
2243,2
2244,1
2245,1
2246,2
2247,2
2248,2
2249,2
2250,1
2251,2
2252,1
2253,2
2254,2
2255,2
2256,2
2257,2
2258,2
2259,2
2260,2
2261,2
2262,2
2263,1
2264,2
2265,2
2266,1
2267,2
2268,2
2269,2
2270,1
2271,1
2272,2
2273,2
2274,2
2275,2
2276,2
2277,1
2278,2
2279,1
2280,1
2281,2
2282,2
2283,1
2284,1
2285,2
2286,1
2287,2
2288,1
2289,1
2290,1
2291,1
2292,1
2293,1
2294,2
2295,2
2296,1
2297,2
2298,2
2299,2
2300,2
2301,2
2302,2
2303,1
2304,1
2305,2
2306,2
2307,2
2308,1
2309,1
2310,2
2311,2
2312,2
2313,1
2314,2
2315,2
2316,2
2317,1
2318,1
2319,1
2320,2
2321,1
2322,2
2323,1
2324,1
2325,2
2326,1
2327,1
2328,2
2329,1
2330,1
2331,1
2332,2
2333,2
2334,1
2335,2
2336,2
2337,1
2338,1
2339,1
2340,2
2341,1
2342,2
2343,1
2344,2
2345,1
2346,1
2347,1
2348,2
2349,2
2350,1
2351,1
2352,2
2353,1
2354,2
2355,2
2356,1
2357,2
2358,2
2359,1
2360,1
2361,1
2362,2
2363,1
2364,2
2365,2
2366,2
2367,2
2368,2
2369,1
2370,1
2371,2
2372,1
2373,2
2374,1
2375,1
2376,1
2377,2
2378,2
2379,2
2380,1
2381,2
2382,2
2383,1
2384,2
2385,1
2386,1
2387,2
2388,2
2389,1
2390,1
2391,2
2392,1
2393,1
2394,2
2395,2
2396,1
2397,1
2398,1
2399,1
2400,1
2401,2
2402,2
2403,1
2404,2
2405,2
2406,2
2407,2
2408,2
2409,2
2410,1
2411,1
2412,2
2413,2
2414,1
2415,2
2416,1
2417,2
2418,1
2419,1
2420,2
2421,2
2422,1
2423,2
2424,1
2425,2
2426,2
2427,2
2428,1
2429,2
2430,2
2431,2
2432,2
2433,2
2434,2
2435,1
2436,1
2437,2
2438,2
2439,1
2440,1
2441,1
2442,1
2443,1
2444,2
2445,2
2446,2
2447,1
2448,2
2449,1
2450,1
2451,2
2452,1
2453,2
2454,2
2455,1
2456,2
2457,2
2458,2
2459,1
2460,1
2461,2
2462,1
2463,2
2464,2
2465,2
2466,2
2467,1
2468,1
2469,1
2470,2
2471,2
2472,1
2473,2
2474,2
2475,2
2476,1
2477,1
2478,1
2479,1
2480,1
2481,1
2482,1
2483,2
2484,2
2485,1
2486,1
2487,2
2488,1
2489,1
2490,1
2491,1
2492,2
2493,2
2494,2
2495,1
2496,2
2497,1
2498,1
2499,2
2500,1
2501,1
2502,1
2503,2
2504,2
2505,1
2506,2
2507,1
2508,1
2509,1
2510,1
2511,1
2512,1
2513,1
2514,2
2515,2
2516,2
2517,1
2518,2
2519,1
2520,2
2521,2
2522,1
2523,2
2524,2
2525,1
2526,1
2527,1
2528,2
2529,1
2530,2
2531,2
2532,1
2533,2
2534,1
2535,1
2536,1
2537,2
2538,2
2539,2
2540,2
2541,1
2542,1
2543,1
2544,2
2545,2
2546,1
2547,2
2548,1
2549,1
2550,1
2551,2
2552,2
2553,2
2554,2
2555,2
2556,2
2557,1
2558,1
2559,2
2560,2
2561,2
2562,1
2563,1
2564,2
2565,2
2566,1
2567,2
2568,2
2569,1
2570,1
2571,1
2572,2
2573,2
2574,2
2575,2
2576,1
2577,2
2578,2
2579,2
2580,1
2581,2
2582,1
2583,1
2584,1
2585,2
2586,1
2587,2
2588,2
2589,2
2590,2
2591,2
2592,1
2593,1
2594,2
2595,2
2596,2
2597,1
2598,2
2599,2
2600,1
2601,1
2602,2
2603,2
2604,1
2605,2
2606,2
2607,2
2608,1
2609,2
2610,1
2611,1
2612,1
2613,2
2614,2
2615,1
2616,2
2617,2
2618,1
2619,1
2620,1
2621,1
2622,1
2623,1
2624,1
2625,1
2626,1
2627,2
2628,2
2629,2
2630,2
2631,2
2632,2
2633,2
2634,2
2635,2
2636,2
2637,2
2638,2
2639,2
2640,2
2641,2
2642,1
2643,2
2644,1
2645,2
2646,1
2647,2
2648,1
2649,2
2650,2
2651,2
2652,1
2653,2
2654,1
2655,1
2656,1
2657,2
2658,2
2659,2
2660,2
2661,1
2662,2
2663,2
2664,2
2665,2
2666,1
2667,2
2668,2
2669,1
2670,2
2671,2
2672,1
2673,2
2674,2
2675,1
2676,2
2677,1
2678,2
2679,1
2680,1
2681,1
2682,2
2683,2
2684,2
2685,2
2686,2
2687,1
2688,2
2689,2
2690,1
2691,1
2692,1
2693,2
2694,2
2695,2
2696,1
2697,2
2698,2
2699,2
2700,2
2701,1
2702,1
2703,1
2704,1
2705,2
2706,2
2707,1
2708,2
2709,1
2710,2
2711,2
2712,1
2713,2
2714,2
2715,2
2716,1
2717,1
2718,2
2719,2
2720,1
2721,2
2722,1
2723,2
2724,1
2725,1
2726,2
2727,2
2728,1
2729,1
2730,2
2731,2
2732,2
2733,2
2734,2
2735,2
2736,1
2737,1
2738,2
2739,1
2740,1
2741,2
2742,1
2743,1
2744,1
2745,1
2746,2
2747,2
2748,2
2749,1
2750,2
2751,1
2752,2
2753,1
2754,1
2755,2
2756,2
2757,2
2758,1
2759,2
2760,2
2761,2
2762,2
2763,1
2764,2
2765,2
2766,2
2767,1
2768,2
2769,2
2770,1
2771,2
2772,2
2773,1
2774,1
2775,1
2776,1
2777,1
2778,2
2779,2
2780,1
2781,2
2782,2
2783,1
2784,1
2785,1
2786,2
2787,2
2788,1
2789,2
2790,1
2791,2
2792,2
2793,1
2794,2
2795,1
2796,2
2797,1
2798,1
2799,2
2800,1
2801,1
2802,1
2803,1
2804,1
2805,2
2806,1
2807,2
2808,2
2809,2
2810,2
2811,1
2812,1
2813,1
2814,1
2815,2
2816,1
2817,1
2818,1
2819,2
2820,2
2821,2
2822,1
2823,1
2824,2
2825,1
2826,2
2827,1
2828,1
2829,2
2830,2
2831,1
2832,2
2833,2
2834,1
2835,2
2836,2
2837,1
2838,1
2839,1
2840,2
2841,1
2842,2
2843,1
2844,2
2845,1
2846,2
2847,1
2848,1
2849,2
2850,1
2851,1
2852,1
2853,2
2854,1
2855,2
2856,2
2857,2
2858,2
2859,1
2860,1
2861,1
2862,1
2863,2
2864,1
2865,1
2866,2
2867,1
2868,1
2869,2
2870,2
2871,2
2872,1
2873,2
2874,1
2875,1
2876,2
2877,1
2878,2
2879,1
2880,1
2881,1
2882,2
2883,2
2884,2
2885,2
2886,1
2887,1
2888,2
2889,1
2890,2
2891,1
2892,2
2893,2
2894,2
2895,1
2896,1
2897,1
2898,2
2899,1
2900,2
2901,1
2902,1
2903,1
2904,1
2905,1
2906,2
2907,1
2908,2
2909,2
2910,1
2911,2
2912,2
2913,1
2914,2
2915,2
2916,1
2917,2
2918,2
2919,2
2920,2
2921,2
2922,2
2923,2
2924,1
2925,1
2926,1
2927,2
2928,2
2929,1
2930,2
2931,1
2932,2
2933,2
2934,1
2935,1
2936,1
2937,2
2938,2
2939,2
2940,2
2941,2
2942,2
2943,2
2944,1
2945,1
2946,2
2947,2
2948,1
2949,2
2950,1
2951,1
2952,1
2953,1
2954,2
2955,2
2956,2
2957,1
2958,1
2959,1
2960,1
2961,1
2962,2
2963,2
2964,2
2965,2
2966,1
2967,1
2968,2
2969,2
2970,1
2971,2
2972,2
2973,1
2974,1
2975,2
2976,2
2977,1
2978,2
2979,2
2980,2
2981,1
2982,2
2983,1
2984,2
2985,2
2986,2
2987,2
2988,2
2989,2
2990,1
2991,1
2992,2
2993,2
2994,2
2995,1
2996,2
2997,2
2998,1
2999,2
3000,1
3001,2
3002,1
3003,2
3004,2
3005,2
3006,2
3007,2
3008,2
3009,2
3010,1
3011,1
3012,2
3013,2
3014,1
3015,1
3016,2
3017,2
3018,2
3019,2
3020,1
3021,2
3022,2
3023,1
3024,2
3025,2
3026,2
3027,1
3028,2
3029,1
3030,1
3031,1
3032,1
3033,2
3034,2
3035,1
3036,1
3037,1
3038,2
3039,2
3040,1
3041,1
3042,2
3043,1
3044,2
3045,1
3046,1
3047,1
3048,1
3049,2
3050,1
3051,1
3052,2
3053,1
3054,1
3055,2
3056,2
3057,2
3058,2
3059,2
3060,2
3061,1
3062,2
3063,2
3064,2
3065,2
3066,1
3067,2
3068,1
3069,1
3070,2
3071,1
3072,2
3073,1
3074,1
3075,1
3076,1
3077,1
3078,2
3079,1
3080,1
3081,2
3082,2
3083,1
3084,2
3085,2
3086,1
3087,1
3088,1
3089,2
3090,2
3091,2
3092,2
3093,1
3094,2
3095,1
3096,1
3097,2
3098,1
3099,2
3100,2
3101,1
3102,1
3103,2
3104,1
3105,1
3106,2
3107,1
3108,1
3109,1
3110,1
3111,2
3112,1
3113,2
3114,2
3115,1
3116,2
3117,2
3118,2
3119,2
3120,2
3121,2
3122,1
3123,2
3124,1
3125,2
3126,1
3127,2
3128,2
3129,2
3130,2
3131,1
3132,2
3133,1
3134,1
3135,1
3136,1
3137,1
3138,2
3139,2
3140,2
3141,1
3142,2
3143,1
3144,1
3145,2
3146,2
3147,1
3148,1
3149,1
3150,2
3151,2
3152,1
3153,2
3154,2
3155,2
3156,1
3157,2
3158,2
3159,2
3160,2
3161,1
3162,2
3163,1
3164,1
3165,2
3166,1
3167,2
3168,2
3169,1
3170,1
3171,1
3172,2
3173,2
3174,1
3175,2
3176,2
3177,1
3178,2
3179,2
3180,2
3181,1
3182,2
3183,1
3184,1
3185,1
3186,1
3187,1
3188,2
3189,2
3190,2
3191,1
3192,1
3193,2
3194,1
3195,1
3196,1
3197,2
3198,1
3199,2
3200,2
3201,2
3202,2
3203,2
3204,1
3205,2
3206,2
3207,1
3208,2
3209,1
3210,2
3211,1
3212,2
3213,2
3214,2
3215,2
3216,1
3217,2
3218,1
3219,1
3220,1
3221,2
3222,1
3223,1
3224,2
3225,1
3226,2
3227,2
3228,1
3229,2
3230,2
3231,1
3232,2
3233,2
3234,2
3235,1
3236,1
3237,2
3238,1
3239,2
3240,2
3241,2
3242,2
3243,1
3244,1
3245,1
3246,1
3247,1
3248,1
3249,2
3250,2
3251,1
3252,2
3253,2
3254,2
3255,2
3256,2
3257,1
3258,1
3259,1
3260,2
3261,2
3262,2
3263,1
3264,2
3265,2
3266,1
3267,1
3268,1
3269,2
3270,2
3271,2
3272,1
3273,1
3274,2
3275,2
3276,2
3277,2
3278,1
3279,2
3280,1
3281,1
3282,2
3283,1
3284,2
3285,1
3286,1
3287,2
3288,1
3289,1
3290,1
3291,1
3292,1
3293,1
3294,1
3295,2
3296,2
3297,2
3298,1
3299,1
3300,1
3301,2
3302,1
3303,1
3304,2
3305,1
3306,2
3307,2
3308,2
3309,2
3310,1
3311,2
3312,1
3313,2
3314,2
3315,1
3316,1
3317,1
3318,2
3319,2
3320,2
3321,1
3322,1
3323,2
3324,2
3325,1
3326,1
3327,2
3328,1
3329,2
3330,2
3331,2
3332,1
3333,1
3334,1
3335,2
3336,1
3337,2
3338,2
3339,1
3340,1
3341,2
3342,2
3343,2
3344,1
3345,2
3346,1
3347,2
3348,2
3349,1
3350,1
3351,1
3352,2
3353,1
3354,1
3355,2
3356,1
3357,2
3358,2
3359,1
3360,1
3361,1
3362,1
3363,2
3364,2
3365,1
3366,1
3367,2
3368,1
3369,2
3370,1
3371,2
3372,1
3373,1
3374,2
3375,2
3376,2
3377,1
3378,2
3379,2
3380,2
3381,1
3382,2
3383,2
3384,1
3385,1
3386,2
3387,1
3388,2
3389,1
3390,2
3391,2
3392,2
3393,2
3394,2
3395,2
3396,1
3397,1
3398,1
3399,2
3400,1
3401,2
3402,2
3403,2
3404,2
3405,1
3406,2
3407,2
3408,1
3409,2
3410,1
3411,2
3412,2
3413,2
3414,1
3415,1
3416,2
3417,2
3418,2
3419,1
3420,1
3421,2
3422,2
3423,1
3424,1
3425,1
3426,2
3427,1
3428,1
3429,1
3430,2
3431,2
3432,2
3433,1
3434,2
3435,2
3436,2
3437,1
3438,2
3439,1
3440,2
3441,2
3442,2
3443,2
3444,1
3445,1
3446,1
3447,1
3448,2
3449,2
3450,1
3451,2
3452,2
3453,2
3454,1
3455,1
3456,1
3457,1
3458,2
3459,2
3460,1
3461,1
3462,2
3463,1
3464,1
3465,1
3466,2
3467,1
3468,1
3469,2
3470,2
3471,2
3472,1
3473,1
3474,2
3475,1
3476,1
3477,2
3478,1
3479,1
3480,1
3481,2
3482,1
3483,1
3484,1
3485,1
3486,1
3487,1
3488,2
3489,2
3490,2
3491,1
3492,2
3493,1
3494,2
3495,2
3496,2
3497,1
3498,1
3499,2
3500,2
3501,2
3502,2
3503,1
3504,1
3505,1
3506,2
3507,2
3508,1
3509,2
3510,2
3511,2
3512,2
3513,2
3514,2
3515,2
3516,1
3517,2
3518,2
3519,2
3520,2
3521,2
3522,1
3523,1
3524,2
3525,2
3526,2
3527,2
3528,1
3529,1
3530,2
3531,1
3532,1
3533,1
3534,1
3535,1
3536,2
3537,2
3538,1
3539,1
3540,1
3541,1
3542,2
3543,2
3544,2
3545,2
3546,1
3547,1
3548,2
3549,1
3550,2
3551,1
3552,1
3553,2
3554,1
3555,2
3556,2
3557,2
3558,2
3559,1
3560,1
3561,1
3562,1
3563,2
3564,1
3565,1
3566,2
3567,2
3568,2
3569,2
3570,1
3571,2
3572,2
3573,1
3574,2
3575,2
3576,2
3577,1
3578,1
3579,1
3580,2
3581,2
3582,2
3583,1
3584,1
3585,2
3586,2
3587,2
3588,2
3589,2
3590,1
3591,2
3592,1
3593,2
3594,2
3595,1
3596,2
3597,1
3598,1
3599,2
3600,1
3601,1
3602,2
3603,2
3604,2
3605,2
3606,2
3607,2
3608,1
3609,2
3610,1
3611,1
3612,2
3613,2
3614,1
3615,1
3616,2
3617,1
3618,2
3619,2
3620,2
3621,2
3622,2
3623,2
3624,1
3625,2
3626,1
3627,2
3628,1
3629,2
3630,1
3631,2
3632,2
3633,1
3634,1
3635,2
3636,2
3637,1
3638,1
3639,1
3640,1
3641,2
3642,1
3643,2
3644,2
3645,2
3646,1
3647,1
3648,1
3649,1
3650,2
3651,2
3652,2
3653,2
3654,1
3655,1
3656,2
3657,1
3658,2
3659,1
3660,2
3661,1
3662,2
3663,1
3664,1
3665,1
3666,2
3667,2
3668,2
3669,2
3670,2
3671,1
3672,2
3673,2
3674,2
3675,1
3676,1
3677,2
3678,1
3679,2
3680,2
3681,2
3682,2
3683,1
3684,1
3685,2
3686,1
3687,1
3688,1
3689,1
3690,1
3691,2
3692,1
3693,1
3694,2
3695,2
3696,1
3697,1
3698,2
3699,1
3700,2
3701,1
3702,1
3703,2
3704,1
3705,1
3706,2
3707,2
3708,2
3709,2
3710,1
3711,2
3712,2
3713,1
3714,2
3715,1
3716,1
3717,2
3718,2
3719,1
3720,1
3721,1
3722,1
3723,1
3724,1
3725,2
3726,2
3727,1
3728,1
3729,2
3730,1
3731,1
3732,2
3733,2
3734,1
3735,2
3736,2
3737,2
3738,2
3739,1
3740,2
3741,1
3742,2
3743,2
3744,1
3745,2
3746,2
3747,2
3748,1
3749,1
3750,1
3751,2
3752,2
3753,1
3754,1
3755,1
3756,2
3757,1
3758,2
3759,2
3760,2
3761,2
3762,1
3763,2
3764,2
3765,1
3766,2
3767,2
3768,1
3769,1
3770,2
3771,1
3772,1
3773,2
3774,2
3775,2
3776,2
3777,1
3778,2
3779,2
3780,2
3781,2
3782,1
3783,1
3784,2
3785,1
3786,1
3787,2
3788,2
3789,2
3790,1
3791,1
3792,2
3793,2
3794,2
3795,1
3796,2
3797,2
3798,2
3799,2
3800,1
3801,2
3802,2
3803,1
3804,2
3805,2
3806,2
3807,1
3808,1
3809,1
3810,1
3811,2
3812,2
3813,1
3814,1
3815,2
3816,2
3817,1
3818,1
3819,2
3820,2
3821,2
3822,1
3823,2
3824,2
3825,1
3826,1
3827,1
3828,1
3829,1
3830,1
3831,1
3832,2
3833,1
3834,2
3835,1
3836,1
3837,1
3838,1
3839,2
3840,2
3841,1
3842,2
3843,2
3844,1
3845,2
3846,1
3847,1
3848,1
3849,1
3850,1
3851,1
3852,2
3853,2
3854,1
3855,2
3856,2
3857,2
3858,2
3859,2
3860,1
3861,1
3862,2
3863,1
3864,2
3865,2
3866,1
3867,1
3868,2
3869,1
3870,2
3871,2
3872,1
3873,2
3874,1
3875,2
3876,2
3877,2
3878,2
3879,1
3880,2
3881,1
3882,1
3883,2
3884,2
3885,1
3886,2
3887,1
3888,1
3889,2
3890,2
3891,2
3892,1
3893,1
3894,2
3895,2
3896,1
3897,2
3898,2
3899,2
3900,2
3901,1
3902,1
3903,2
3904,1
3905,2
3906,1
3907,2
3908,2
3909,1
3910,2
3911,1
3912,1
3913,2
3914,1
3915,1
3916,2
3917,2
3918,1
3919,1
3920,1
3921,2
3922,2
3923,2
3924,2
3925,1
3926,2
3927,2
3928,1
3929,2
3930,1
3931,1
3932,1
3933,1
3934,2
3935,2
3936,1
3937,2
3938,2
3939,1
3940,2
3941,1
3942,1
3943,2
3944,1
3945,2
3946,1
3947,2
3948,1
3949,2
3950,2
3951,2
3952,2
3953,2
3954,2
3955,2
3956,1
3957,1
3958,2
3959,1
3960,2
3961,2
3962,1
3963,2
3964,1
3965,2
3966,2
3967,2
3968,1
3969,1
3970,2
3971,2
3972,1
3973,2
3974,1
3975,1
3976,2
3977,2
3978,2
3979,2
3980,2
3981,2
3982,2
3983,2
3984,1
3985,2
3986,2
3987,2
3988,1
3989,2
3990,1
3991,1
3992,1
3993,1
3994,1
3995,2
3996,2
3997,1
3998,2
3999,2
4000,2
4001,2
4002,2
4003,1
4004,2
4005,1
4006,2
4007,1
4008,2
4009,2
4010,2
4011,2
4012,2
4013,1
4014,1
4015,1
4016,2
4017,1
4018,2
4019,2
4020,1
4021,2
4022,2
4023,2
4024,2
4025,2
4026,2
4027,1
4028,2
4029,1
4030,1
4031,2
4032,2
4033,2
4034,1
4035,2
4036,2
4037,1
4038,2
4039,2
4040,1
4041,2
4042,2
4043,1
4044,2
4045,1
4046,1
4047,2
4048,2
4049,2
4050,2
4051,2
4052,1
4053,2
4054,2
4055,1
4056,2
4057,1
4058,1
4059,2
4060,1
4061,1
4062,1
4063,2
4064,1
4065,1
4066,1
4067,2
4068,1
4069,1
4070,1
4071,2
4072,1
4073,2
4074,1
4075,1
4076,1
4077,1
4078,1
4079,1
4080,2
4081,1
4082,2
4083,1
4084,2
4085,2
4086,1
4087,1
4088,1
4089,1
4090,1
4091,1
4092,2
4093,2
4094,2
4095,2
4096,2
4097,1
4098,1
4099,1
4100,1
4101,1
4102,1
4103,2
4104,2
4105,2
4106,2
4107,2
4108,2
4109,2
4110,1
4111,2
4112,1
4113,1
4114,1
4115,2
4116,1
4117,2
4118,1
4119,2
4120,2
4121,1
4122,1
4123,1
4124,1
4125,1
4126,2
4127,2
4128,2
4129,2
4130,1
4131,1
4132,1
4133,2
4134,2
4135,1
4136,1
4137,1
4138,2
4139,2
4140,1
4141,1
4142,1
4143,1
4144,1
4145,2
4146,1
4147,1
4148,1
4149,2
4150,1
4151,1
4152,1
4153,2
4154,1
4155,1
4156,1
4157,1
4158,1
4159,2
4160,2
4161,1
4162,2
4163,2
4164,2
4165,2
4166,2
4167,1
4168,1
4169,1
4170,2
4171,2
4172,2
4173,1
4174,2
4175,1
4176,2
4177,2
4178,2
4179,1
4180,2
4181,2
4182,1
4183,2
4184,2
4185,1
4186,1
4187,1
4188,2
4189,2
4190,1
4191,1
4192,1
4193,1
4194,2
4195,2
4196,1
4197,1
4198,2
4199,2
4200,1
4201,1
4202,1
4203,2
4204,2
4205,2
4206,1
4207,1
4208,2
4209,2
4210,1
4211,1
4212,2
4213,1
4214,2
4215,1
4216,1
4217,1
4218,1
4219,2
4220,1
4221,1
4222,2
4223,1
4224,2
4225,1
4226,2
4227,2
4228,2
4229,2
4230,1
4231,2
4232,1
4233,2
4234,2
4235,1
4236,1
4237,2
4238,2
4239,1
4240,1
4241,2
4242,2
4243,1
4244,2
4245,1
4246,2
4247,1
4248,1
4249,1
4250,1
4251,2
4252,2
4253,1
4254,2
4255,1
4256,1
4257,2
4258,1
4259,1
4260,2
4261,1
4262,2
4263,1
4264,2
4265,1
4266,1
4267,1
4268,1
4269,2
4270,2
4271,2
4272,2
4273,2
4274,2
4275,2
4276,2
4277,1
4278,2
4279,2
4280,2
4281,1
4282,1
4283,2
4284,2
4285,1
4286,2
4287,2
4288,2
4289,1
4290,1
4291,2
4292,1
4293,2
4294,1
4295,1
4296,2
4297,2
4298,1
4299,2
4300,1
4301,2
4302,2
4303,2
4304,2
4305,1
4306,2
4307,2
4308,1
4309,2
4310,2
4311,2
4312,1
4313,2
4314,1
4315,2
4316,2
4317,2
4318,1
4319,2
4320,2
4321,2
4322,2
4323,2
4324,2
4325,2
4326,1
4327,2
4328,2
4329,2
4330,1
4331,2
4332,1
4333,2
4334,2
4335,2
4336,2
4337,2
4338,1
4339,2
4340,2
4341,1
4342,1
4343,2
4344,2
4345,1
4346,2
4347,2
4348,2
4349,2
4350,1
4351,2
4352,1
4353,2
4354,1
4355,2
4356,2
4357,2
4358,2
4359,2
4360,2
4361,1
4362,1
4363,2
4364,2
4365,1
4366,2
4367,1
4368,2
4369,2
4370,1
4371,1
4372,1
4373,2
4374,2
4375,1
4376,2
4377,2
4378,2
4379,1
4380,2
4381,1
4382,2
4383,2
4384,1
4385,2
4386,1
4387,1
4388,2
4389,1
4390,1
4391,1
4392,1
4393,2
4394,2
4395,1
4396,2
4397,1
4398,2
4399,2
4400,2
4401,2
4402,1
4403,2
4404,1
4405,1
4406,2
4407,1
4408,1
4409,1
4410,2
4411,1
4412,1
4413,1
4414,1
4415,2
4416,1
4417,1
4418,1
4419,2
4420,1
4421,2
4422,2
4423,2
4424,2
4425,1
4426,2
4427,1
4428,1
4429,1
4430,2
4431,2
4432,1
4433,2
4434,1
4435,2
4436,2
4437,2
4438,1
4439,1
4440,2
4441,2
4442,2
4443,1
4444,1
4445,2
4446,1
4447,2
4448,1
4449,2
4450,1
4451,2
4452,1
4453,1
4454,2
4455,1
4456,2
4457,2
4458,2
4459,1
4460,2
4461,2
4462,2
4463,1
4464,2
4465,1
4466,2
4467,2
4468,2
4469,1
4470,1
4471,1
4472,2
4473,2
4474,1
4475,2
4476,2
4477,1
4478,2
4479,2
4480,2
4481,1
4482,2
4483,1
4484,2
4485,1
4486,2
4487,2
4488,1
4489,1
4490,1
4491,1
4492,2
4493,1
4494,2
4495,1
4496,2
4497,2
4498,2
4499,2
4500,2
4501,2
4502,1
4503,2
4504,1
4505,2
4506,1
4507,1
4508,2
4509,2
4510,2
4511,2
4512,1
4513,2
4514,2
4515,1
4516,2
4517,1
4518,2
4519,1
4520,1
4521,1
4522,1
4523,2
4524,2
4525,2
4526,1
4527,1
4528,1
4529,2
4530,1
4531,1
4532,2
4533,2
4534,1
4535,1
4536,1
4537,1
4538,1
4539,1
4540,1
4541,1
4542,1
4543,1
4544,1
4545,1
4546,1
4547,2
4548,1
4549,2
4550,1
4551,2
4552,2
4553,2
4554,1
4555,2
4556,2
4557,1
4558,2
4559,2
4560,1
4561,2
4562,1
4563,1
4564,1
4565,1
4566,2
4567,1
4568,1
4569,1
4570,2
4571,2
4572,1
4573,1
4574,1
4575,1
4576,2
4577,2
4578,2
4579,2
4580,2
4581,2
4582,2
4583,2
4584,2
4585,1
4586,2
4587,1
4588,2
4589,1
4590,2
4591,2
4592,2
4593,1
4594,2
4595,2
4596,2
4597,2
4598,1
4599,1
4600,2
4601,2
4602,1
4603,2
4604,1
4605,1
4606,2
4607,2
4608,2
4609,1
4610,2
4611,2
4612,2
4613,1
4614,1
4615,1
4616,1
4617,1
4618,2
4619,1
4620,1
4621,1
4622,2
4623,1
4624,1
4625,1
4626,1
4627,2
4628,2
